name,long,lat
Cau_14,107.92433,12.61765
Duc _Xuyen,107.97228,12.30876
Ban _Don,107.77832,12.90878
Krong _buk,108.37926,12.76671
Giang_Son,108.19473,12.51716
Kon_Tum,108.0352,14.34696
Dak_To,107.83495,14.65909
Dak_Mot,107.77105,14.65646
Kong_Plong,108.1798,14.46997
